,Casino,Free_internet,Gym,Helpful_votes,Hotel_name,Hotel_stars,Member_years,Nr_hotel_reviews,Nr_reviews,Nr_rooms,Period_of_stay,Pool,Review_month,Review_weekday,Score,Spa,Tennis_court,Traveler_type,User_continent,User_country
0,True,True,True,13,Circus Circus Hotel & Casino Las Vegas,3,9.0,4,11,3773.0,Dec-Feb,False,January,Thursday,1,False,False,Friends,North America,USA
1,True,True,True,75,Circus Circus Hotel & Casino Las Vegas,3,3.0,21,119,3773.0,Dec-Feb,False,January,Friday,0,False,False,Business,North America,USA
2,True,True,True,25,Circus Circus Hotel & Casino Las Vegas,3,2.0,9,36,3773.0,Mar-May,False,February,Saturday,1,False,False,Families,North America,USA
3,True,True,True,14,Circus Circus Hotel & Casino Las Vegas,3,6.0,7,14,3773.0,Mar-May,False,February,Friday,1,False,False,Friends,Europe,UK
4,True,True,True,2,Circus Circus Hotel & Casino Las Vegas,3,7.0,5,5,3773.0,Mar-May,False,March,Tuesday,1,False,False,Solo,North America,Canada
5,True,True,True,27,Circus Circus Hotel & Casino Las Vegas,3,2.0,8,31,3773.0,Mar-May,False,March,Tuesday,0,False,False,Couples,North America,Canada
6,True,True,True,46,Circus Circus Hotel & Casino Las Vegas,3,4.0,12,45,3773.0,Mar-May,False,April,Friday,1,False,False,Couples,Europe,UK
7,True,True,True,4,Circus Circus Hotel & Casino Las Vegas,3,10.0,1,2,3773.0,Mar-May,False,April,Tuesday,1,False,False,Families,North America,USA
8,True,True,True,8,Circus Circus Hotel & Casino Las Vegas,3,3.0,3,24,3773.0,Mar-May,False,May,Saturday,1,False,False,Friends,Asia,India
9,True,True,True,11,Circus Circus Hotel & Casino Las Vegas,3,5.0,7,12,3773.0,Mar-May,False,May,Tuesday,0,False,False,Families,North America,Canada
10,True,True,True,58,Circus Circus Hotel & Casino Las Vegas,3,9.0,24,102,3773.0,Jun-Aug,False,June,Friday,0,False,False,Families,North America,USA
11,True,True,True,24,Circus Circus Hotel & Casino Las Vegas,3,4.0,9,20,3773.0,Jun-Aug,False,June,Saturday,0,False,False,Friends,Oceania,Australia
12,True,True,True,9,Circus Circus Hotel & Casino Las Vegas,3,1.0,6,7,3773.0,Jun-Aug,False,July,Wednesday,0,False,False,Friends,North America,USA
13,True,True,True,13,Circus Circus Hotel & Casino Las Vegas,3,1.0,5,22,3773.0,Jun-Aug,False,July,Thursday,0,False,False,Friends,North America,USA
14,True,True,True,0,Circus Circus Hotel & Casino Las Vegas,3,1.0,3,3,3773.0,Jun-Aug,False,August,Sunday,0,False,False,Friends,Europe,UK
15,True,True,True,33,Circus Circus Hotel & Casino Las Vegas,3,2.0,17,146,3773.0,Jun-Aug,False,August,Saturday,1,False,False,Families,Oceania,New Zeland
16,True,True,True,9,Circus Circus Hotel & Casino Las Vegas,3,4.0,8,8,3773.0,Sep-Nov,False,September,Wednesday,0,False,False,Families,North America,Canada
17,True,True,True,1,Circus Circus Hotel & Casino Las Vegas,3,2.0,3,9,3773.0,Sep-Nov,False,September,Saturday,1,False,False,Families,North America,USA
18,True,True,True,19,Circus Circus Hotel & Casino Las Vegas,3,2.0,9,41,3773.0,Sep-Nov,False,October,Tuesday,0,False,False,Couples,North America,Canada
19,True,True,True,26,Circus Circus Hotel & Casino Las Vegas,3,10.0,7,8,3773.0,Sep-Nov,False,October,Monday,0,False,False,Couples,North America,USA
20,True,True,True,2,Circus Circus Hotel & Casino Las Vegas,3,7.0,5,10,3773.0,Sep-Nov,False,November,Saturday,1,False,False,Couples,Europe,UK
21,True,True,True,3,Circus Circus Hotel & Casino Las Vegas,3,3.0,3,4,3773.0,Sep-Nov,False,November,Monday,0,False,False,Couples,Oceania,New Zeland
22,True,True,True,19,Circus Circus Hotel & Casino Las Vegas,3,10.0,7,18,3773.0,Dec-Feb,False,December,Saturday,1,False,False,Families,Europe,UK
23,True,True,True,3,Circus Circus Hotel & Casino Las Vegas,3,5.0,4,4,3773.0,Dec-Feb,False,December,Sunday,0,False,False,Couples,North America,USA
24,True,True,True,15,Excalibur Hotel & Casino,3,3.0,11,29,3981.0,Dec-Feb,True,January,Monday,1,True,False,Couples,Europe,Ireland
25,True,True,True,52,Excalibur Hotel & Casino,3,11.0,42,114,3981.0,Dec-Feb,True,January,Saturday,1,True,False,Business,North America,USA
26,True,True,True,17,Excalibur Hotel & Casino,3,8.0,12,30,3981.0,Dec-Feb,True,February,Friday,1,True,False,Couples,North America,Canada
27,True,True,True,36,Excalibur Hotel & Casino,3,3.0,18,87,3981.0,Dec-Feb,True,February,Thursday,0,True,False,Business,Europe,UK
28,True,True,True,28,Excalibur Hotel & Casino,3,1.0,10,26,3981.0,Mar-May,True,March,Wednesday,1,True,False,Solo,North America,USA
29,True,True,True,9,Excalibur Hotel & Casino,3,8.0,7,8,3981.0,Mar-May,True,March,Wednesday,1,True,False,Couples,Europe,Ireland
30,True,True,True,13,Excalibur Hotel & Casino,3,7.0,8,11,3981.0,Mar-May,True,April,Friday,1,True,False,Couples,North America,Canada
31,True,True,True,2,Excalibur Hotel & Casino,3,1.0,3,4,3981.0,Mar-May,True,April,Friday,0,True,False,Couples,Oceania,Australia
32,True,True,True,7,Excalibur Hotel & Casino,3,1.0,8,56,3981.0,Mar-May,True,May,Tuesday,0,True,False,Solo,North America,Canada
33,True,True,True,8,Excalibur Hotel & Casino,3,4.0,12,13,3981.0,Mar-May,True,May,Wednesday,0,True,False,Friends,Africa,Egypt
34,True,True,True,15,Excalibur Hotel & Casino,3,10.0,9,58,3981.0,Jun-Aug,True,June,Saturday,1,True,False,Couples,Oceania,Australia
35,True,True,True,4,Excalibur Hotel & Casino,3,6.0,7,20,3981.0,Jun-Aug,True,June,Saturday,0,True,False,Couples,Europe,Finland
36,True,True,True,24,Excalibur Hotel & Casino,3,6.0,27,70,3981.0,Jun-Aug,True,July,Friday,1,True,False,Friends,North America,USA
37,True,True,True,7,Excalibur Hotel & Casino,3,1.0,3,6,3981.0,Jun-Aug,True,July,Thursday,1,True,False,Friends,Africa,Kenya
38,True,True,True,299,Excalibur Hotel & Casino,3,10.0,263,290,3981.0,Jun-Aug,True,August,Monday,1,True,False,Couples,North America,USA
39,True,True,True,9,Excalibur Hotel & Casino,3,2.0,6,24,3981.0,Jun-Aug,True,August,Wednesday,0,True,False,Families,North America,USA
40,True,True,True,21,Excalibur Hotel & Casino,3,2.0,8,29,3981.0,Sep-Nov,True,September,Wednesday,0,True,False,Business,Europe,Jordan
41,True,True,True,59,Excalibur Hotel & Casino,3,8.0,5,20,3981.0,Sep-Nov,True,September,Saturday,0,True,False,Couples,North America,Canada
42,True,True,True,3,Excalibur Hotel & Casino,3,4.0,3,3,3981.0,Sep-Nov,True,October,Saturday,0,True,False,Families,Europe,Netherlands
43,True,True,True,27,Excalibur Hotel & Casino,3,5.0,6,47,3981.0,Sep-Nov,True,October,Monday,1,True,False,Friends,Europe,Ireland
44,True,True,True,19,Excalibur Hotel & Casino,3,6.0,8,35,3981.0,Sep-Nov,True,November,Sunday,1,True,False,Families,North America,USA
45,True,True,True,4,Excalibur Hotel & Casino,3,1.0,0,6,3981.0,Sep-Nov,True,November,Sunday,1,True,False,Friends,Europe,UK
46,True,True,True,54,Excalibur Hotel & Casino,3,7.0,47,74,3981.0,Dec-Feb,True,December,Wednesday,1,True,False,Couples,Europe,UK
47,True,True,True,30,Excalibur Hotel & Casino,3,4.0,8,34,3981.0,Dec-Feb,True,December,Tuesday,0,True,False,Solo,Asia,Syria
48,True,False,True,340,Monte Carlo Resort&Casino,4,3.0,43,576,3003.0,Dec-Feb,True,January,Monday,0,True,False,Couples,Europe,UK
49,True,False,True,11,Monte Carlo Resort&Casino,4,5.0,8,20,3003.0,Dec-Feb,True,January,Saturday,1,True,False,Solo,North America,USA
50,True,False,True,132,Monte Carlo Resort&Casino,4,3.0,32,418,3003.0,Dec-Feb,True,February,Tuesday,0,True,False,Couples,North America,USA
51,True,False,True,22,Monte Carlo Resort&Casino,4,2.0,13,73,3003.0,Dec-Feb,True,February,Tuesday,1,True,False,Couples,North America,USA
52,True,False,True,32,Monte Carlo Resort&Casino,4,2.0,10,30,3003.0,Mar-May,True,March,Wednesday,0,True,False,Couples,North America,Canada
53,True,False,True,17,Monte Carlo Resort&Casino,4,2.0,15,63,3003.0,Mar-May,True,March,Tuesday,1,True,False,Business,North America,USA
54,True,False,True,13,Monte Carlo Resort&Casino,4,5.0,10,24,3003.0,Mar-May,True,April,Wednesday,1,True,False,Couples,Europe,Scotland
55,True,False,True,16,Monte Carlo Resort&Casino,4,5.0,18,54,3003.0,Mar-May,True,April,Tuesday,0,True,False,Business,Africa,South Africa
56,True,False,True,11,Monte Carlo Resort&Casino,4,2.0,7,20,3003.0,Mar-May,True,May,Friday,1,True,False,Couples,Oceania,Australia
57,True,False,True,24,Monte Carlo Resort&Casino,4,3.0,7,41,3003.0,Mar-May,True,May,Monday,1,True,False,Couples,Europe,UK
58,True,False,True,7,Monte Carlo Resort&Casino,4,9.0,5,7,3003.0,Jun-Aug,True,June,Tuesday,1,True,False,Couples,Europe,Ireland
59,True,False,True,15,Monte Carlo Resort&Casino,4,1.0,9,13,3003.0,Jun-Aug,True,June,Monday,1,True,False,Friends,North America,Canada
60,True,False,True,4,Monte Carlo Resort&Casino,4,1.0,5,10,3003.0,Jun-Aug,True,July,Friday,1,True,False,Families,Europe,UK
61,True,False,True,19,Monte Carlo Resort&Casino,4,7.0,6,9,3003.0,Jun-Aug,True,July,Wednesday,0,True,False,Couples,Oceania,New Zeland
62,True,False,True,36,Monte Carlo Resort&Casino,4,5.0,19,36,3003.0,Jun-Aug,True,August,Thursday,0,True,False,Solo,Europe,Swiss
63,True,False,True,19,Monte Carlo Resort&Casino,4,5.0,12,33,3003.0,Jun-Aug,True,August,Saturday,0,True,False,Families,Europe,UK
64,True,False,True,142,Monte Carlo Resort&Casino,4,8.0,126,156,3003.0,Sep-Nov,True,September,Friday,0,True,False,Friends,Asia,United Arab Emirates
65,True,False,True,16,Monte Carlo Resort&Casino,4,5.0,17,19,3003.0,Sep-Nov,True,September,Wednesday,1,True,False,Couples,Europe,Ireland
66,True,False,True,11,Monte Carlo Resort&Casino,4,1.0,17,23,3003.0,Sep-Nov,True,October,Friday,0,True,False,Families,North America,USA
67,True,False,True,3,Monte Carlo Resort&Casino,4,1.0,3,13,3003.0,Sep-Nov,True,October,Sunday,0,True,False,Couples,North America,USA
68,True,False,True,8,Monte Carlo Resort&Casino,4,8.0,5,8,3003.0,Sep-Nov,True,November,Friday,1,True,False,Couples,Europe,Hungary
69,True,False,True,2,Monte Carlo Resort&Casino,4,10.0,0,1,3003.0,Sep-Nov,True,November,Wednesday,0,True,False,Business,Asia,China
70,True,False,True,6,Monte Carlo Resort&Casino,4,1.0,18,21,3003.0,Dec-Feb,True,December,Sunday,0,True,False,Business,Europe,Greece
71,True,False,True,36,Monte Carlo Resort&Casino,4,3.0,14,56,3003.0,Dec-Feb,True,December,Monday,1,True,False,Couples,North America,Mexico
72,True,True,True,14,Treasure Island- TI Hotel & Casino,4,6.0,11,29,2884.0,Dec-Feb,True,January,Sunday,0,True,True,Business,Europe,Croatia
73,True,True,True,8,Treasure Island- TI Hotel & Casino,4,1.0,5,11,2884.0,Dec-Feb,True,January,Thursday,1,True,True,Couples,Oceania,Australia
74,True,True,True,167,Treasure Island- TI Hotel & Casino,4,9.0,12,19,2884.0,Dec-Feb,True,February,Monday,1,True,True,Friends,North America,Canada
75,True,True,True,16,Treasure Island- TI Hotel & Casino,4,1.0,9,17,2884.0,Dec-Feb,True,February,Monday,1,True,True,Solo,North America,USA
76,True,True,True,20,Treasure Island- TI Hotel & Casino,4,1.0,8,43,2884.0,Mar-May,True,March,Friday,1,True,True,Couples,North America,USA
77,True,True,True,3,Treasure Island- TI Hotel & Casino,4,2.0,8,12,2884.0,Mar-May,True,March,Saturday,1,True,True,Friends,North America,Canada
78,True,True,True,7,Treasure Island- TI Hotel & Casino,4,9.0,14,15,2884.0,Mar-May,True,April,Tuesday,1,True,True,Friends,North America,USA
79,True,True,True,16,Treasure Island- TI Hotel & Casino,4,6.0,13,16,2884.0,Mar-May,True,April,Wednesday,0,True,True,Families,Oceania,Australia
80,True,True,True,25,Treasure Island- TI Hotel & Casino,4,1.0,4,12,2884.0,Mar-May,True,May,Friday,0,True,True,Families,Asia,India
81,True,True,True,5,Treasure Island- TI Hotel & Casino,4,3.0,0,10,2884.0,Mar-May,True,May,Sunday,1,True,True,Friends,Europe,Germany
82,True,True,True,16,Treasure Island- TI Hotel & Casino,4,6.0,17,27,2884.0,Jun-Aug,True,June,Thursday,0,True,True,Families,North America,USA
83,True,True,True,5,Treasure Island- TI Hotel & Casino,4,2.0,5,6,2884.0,Jun-Aug,True,June,Tuesday,1,True,True,Couples,North America,Canada
84,True,True,True,14,Treasure Island- TI Hotel & Casino,4,3.0,20,21,2884.0,Jun-Aug,True,July,Wednesday,1,True,True,Couples,Oceania,Australia
85,True,True,True,27,Treasure Island- TI Hotel & Casino,4,5.0,14,43,2884.0,Jun-Aug,True,July,Thursday,1,True,True,Solo,Asia,Malaysia
86,True,True,True,37,Treasure Island- TI Hotel & Casino,4,8.0,31,97,2884.0,Jun-Aug,True,August,Saturday,1,True,True,Couples,South America,Mexico
87,True,True,True,4,Treasure Island- TI Hotel & Casino,4,5.0,3,7,2884.0,Jun-Aug,True,August,Friday,1,True,True,Couples,Europe,UK
88,True,True,True,6,Treasure Island- TI Hotel & Casino,4,1.0,9,11,2884.0,Sep-Nov,True,September,Friday,0,True,True,Couples,Europe,UK
89,True,True,True,30,Treasure Island- TI Hotel & Casino,4,2.0,11,78,2884.0,Sep-Nov,True,September,Tuesday,1,True,True,Business,North America,USA
90,True,True,True,4,Treasure Island- TI Hotel & Casino,4,5.0,7,12,2884.0,Sep-Nov,True,October,Monday,1,True,True,Families,Oceania,Australia
91,True,True,True,5,Treasure Island- TI Hotel & Casino,4,2.0,11,27,2884.0,Sep-Nov,True,October,Monday,0,True,True,Couples,North America,USA
92,True,True,True,1,Treasure Island- TI Hotel & Casino,4,7.0,3,4,2884.0,Sep-Nov,True,November,Friday,1,True,True,Couples,Asia,Thailand
93,True,True,True,8,Treasure Island- TI Hotel & Casino,4,2.0,9,27,2884.0,Sep-Nov,True,November,Friday,1,True,True,Families,Oceania,Australia
94,True,True,True,7,Treasure Island- TI Hotel & Casino,4,4.0,3,12,2884.0,Dec-Feb,True,December,Saturday,1,True,True,Friends,North America,Canada
95,True,True,True,48,Treasure Island- TI Hotel & Casino,4,12.0,16,21,2884.0,Dec-Feb,True,December,Thursday,1,True,True,Couples,North America,Canada
96,True,True,True,30,Tropicana Las Vegas - A Double Tree by Hilton Hotel,4,8.0,17,34,1467.0,Dec-Feb,True,January,Sunday,1,True,True,Families,Europe,UK
97,True,True,True,1,Tropicana Las Vegas - A Double Tree by Hilton Hotel,4,2.0,6,12,1467.0,Dec-Feb,True,January,Sunday,1,True,True,Friends,North America,USA
98,True,True,True,51,Tropicana Las Vegas - A Double Tree by Hilton Hotel,4,5.0,39,79,1467.0,Dec-Feb,True,February,Wednesday,0,True,True,Couples,Asia,Phillippines
99,True,True,True,16,Tropicana Las Vegas - A Double Tree by Hilton Hotel,4,2.0,10,18,1467.0,Dec-Feb,True,February,Thursday,0,True,True,Business,Asia,Israel
100,True,True,True,8,Tropicana Las Vegas - A Double Tree by Hilton Hotel,4,3.0,3,13,1467.0,Mar-May,True,March,Wednesday,1,True,True,Business,North America,Canada
101,True,True,True,9,Tropicana Las Vegas - A Double Tree by Hilton Hotel,4,1.0,4,14,1467.0,Mar-May,True,March,Friday,1,True,True,Couples,Europe,UK
102,True,True,True,28,Tropicana Las Vegas - A Double Tree by Hilton Hotel,4,3.0,9,19,1467.0,Mar-May,True,April,Friday,1,True,True,Couples,Europe,Ireland
103,True,True,True,103,Tropicana Las Vegas - A Double Tree by Hilton Hotel,4,3.0,15,88,1467.0,Mar-May,True,April,Monday,1,True,True,Business,Asia,India 
104,True,True,True,0,Tropicana Las Vegas - A Double Tree by Hilton Hotel,4,1.0,4,8,1467.0,Mar-May,True,May,Tuesday,1,True,True,Couples,Oceania,New Zeland
105,True,True,True,31,Tropicana Las Vegas - A Double Tree by Hilton Hotel,4,1.0,15,39,1467.0,Mar-May,True,May,Sunday,0,True,True,Friends,Europe,Belgium
106,True,True,True,61,Tropicana Las Vegas - A Double Tree by Hilton Hotel,4,3.0,41,130,1467.0,Jun-Aug,True,June,Tuesday,1,True,True,Business,Europe,UK
107,True,True,True,105,Tropicana Las Vegas - A Double Tree by Hilton Hotel,4,7.0,78,79,1467.0,Jun-Aug,True,June,Wednesday,1,True,True,Friends,Oceania,Australia
108,True,True,True,16,Tropicana Las Vegas - A Double Tree by Hilton Hotel,4,10.0,10,13,1467.0,Jun-Aug,True,July,Wednesday,1,True,True,Solo,Europe,UK
109,True,True,True,17,Tropicana Las Vegas - A Double Tree by Hilton Hotel,4,1.0,6,18,1467.0,Jun-Aug,True,July,Monday,1,True,True,Couples,Europe,UK
110,True,True,True,3,Tropicana Las Vegas - A Double Tree by Hilton Hotel,4,1.0,7,8,1467.0,Jun-Aug,True,August,Saturday,1,True,True,Friends,Oceania,New Zeland
111,True,True,True,6,Tropicana Las Vegas - A Double Tree by Hilton Hotel,4,1.0,4,15,1467.0,Jun-Aug,True,August,Friday,1,True,True,Couples,Oceania,Australia
112,True,True,True,9,Tropicana Las Vegas - A Double Tree by Hilton Hotel,4,1.0,0,27,1467.0,Sep-Nov,True,September,Tuesday,0,True,True,Couples,North America,Canada
113,True,True,True,2,Tropicana Las Vegas - A Double Tree by Hilton Hotel,4,5.0,3,5,1467.0,Sep-Nov,True,September,Wednesday,1,True,True,Couples,Oceania,Australia
114,True,True,True,6,Tropicana Las Vegas - A Double Tree by Hilton Hotel,4,1.0,6,22,1467.0,Sep-Nov,True,October,Tuesday,1,True,True,Friends,Europe,UK
115,True,True,True,11,Tropicana Las Vegas - A Double Tree by Hilton Hotel,4,1.0,3,5,1467.0,Sep-Nov,True,October,Thursday,0,True,True,Friends,North America,USA
116,True,True,True,11,Tropicana Las Vegas - A Double Tree by Hilton Hotel,4,1.0,8,31,1467.0,Sep-Nov,True,November,Sunday,1,True,True,Solo,Asia,India
117,True,True,True,8,Tropicana Las Vegas - A Double Tree by Hilton Hotel,4,7.0,8,33,1467.0,Sep-Nov,True,November,Saturday,1,True,True,Friends,Europe,Netherlands
118,True,True,True,11,Tropicana Las Vegas - A Double Tree by Hilton Hotel,4,4.0,6,10,1467.0,Dec-Feb,True,December,Saturday,1,True,True,Couples,Europe,UK
119,True,True,True,3,Tropicana Las Vegas - A Double Tree by Hilton Hotel,4,4.0,3,12,1467.0,Dec-Feb,True,December,Thursday,1,True,True,Families,Europe,UK
120,True,True,True,24,Caesars Palace,5,7.0,14,50,3348.0,Dec-Feb,True,January,Wednesday,1,True,False,Friends,North America,USA
121,True,True,True,85,Caesars Palace,5,3.0,33,161,3348.0,Dec-Feb,True,January,Friday,1,True,False,Couples,North America,USA
122,True,True,True,81,Caesars Palace,5,10.0,38,153,3348.0,Dec-Feb,True,February,Tuesday,1,True,False,Families,North America,Puerto Rico
123,True,True,True,12,Caesars Palace,5,2.0,3,14,3348.0,Dec-Feb,True,February,Thursday,1,True,False,Families,North America,Canada
124,True,True,True,10,Caesars Palace,5,4.0,12,31,3348.0,Mar-May,True,March,Friday,1,True,False,Families,North America,USA
125,True,True,True,29,Caesars Palace,5,9.0,10,15,3348.0,Mar-May,True,March,Friday,0,True,False,Families,North America,USA
126,True,True,True,4,Caesars Palace,5,3.0,5,5,3348.0,Mar-May,True,April,Thursday,1,True,False,Couples,North America,Canada
127,True,True,True,21,Caesars Palace,5,2.0,4,46,3348.0,Mar-May,True,April,Saturday,1,True,False,Couples,North America,USA
128,True,True,True,39,Caesars Palace,5,4.0,6,15,3348.0,Mar-May,True,May,Sunday,0,True,False,Couples,Europe,UK
129,True,True,True,35,Caesars Palace,5,5.0,27,63,3348.0,Mar-May,True,May,Wednesday,1,True,False,Couples,Europe,UK
130,True,True,True,13,Caesars Palace,5,2.0,15,17,3348.0,Jun-Aug,True,June,Sunday,1,True,False,Couples,North America,USA
131,True,True,True,36,Caesars Palace,5,9.0,22,25,3348.0,Jun-Aug,True,June,Tuesday,0,True,False,Solo,North America,USA
132,True,True,True,4,Caesars Palace,5,1.0,8,14,3348.0,Jun-Aug,True,July,Monday,1,True,False,Couples,North America,USA
133,True,True,True,37,Caesars Palace,5,6.0,56,59,3348.0,Jun-Aug,True,July,Tuesday,0,True,False,Families,Europe,UK
134,True,True,True,17,Caesars Palace,5,3.0,10,11,3348.0,Jun-Aug,True,August,Friday,1,True,False,Families,Europe,UK
135,True,True,True,31,Caesars Palace,5,5.0,18,54,3348.0,Jun-Aug,True,August,Wednesday,1,True,False,Friends,North America,Canada
136,True,True,True,4,Caesars Palace,5,3.0,3,4,3348.0,Sep-Nov,True,September,Monday,1,True,False,Couples,North America,USA
137,True,True,True,7,Caesars Palace,5,3.0,7,10,3348.0,Sep-Nov,True,September,Tuesday,1,True,False,Couples,North America,USA
138,True,True,True,7,Caesars Palace,5,11.0,6,14,3348.0,Sep-Nov,True,October,Sunday,1,True,False,Business,North America,USA
139,True,True,True,16,Caesars Palace,5,2.0,12,39,3348.0,Sep-Nov,True,October,Thursday,1,True,False,Friends,North America,USA
140,True,True,True,43,Caesars Palace,5,4.0,24,35,3348.0,Sep-Nov,True,November,Sunday,1,True,False,Couples,Oceania,Australia
141,True,True,True,9,Caesars Palace,5,1.0,6,6,3348.0,Sep-Nov,True,November,Sunday,0,True,False,Families,Oceania,Australia
142,True,True,True,2,Caesars Palace,5,3.0,7,23,3348.0,Dec-Feb,True,December,Friday,1,True,False,Families,North America,USA
143,True,True,True,67,Caesars Palace,5,13.0,21,48,3348.0,Dec-Feb,True,December,Sunday,1,True,False,Couples,North America,USA
144,True,True,True,14,The Cosmopolitan Las Vegas,5,3.0,9,16,2959.0,Dec-Feb,True,January,Thursday,1,True,False,Friends,Oceania,Australia
145,True,True,True,3,The Cosmopolitan Las Vegas,5,1.0,6,12,2959.0,Dec-Feb,True,January,Thursday,1,True,False,Friends,Oceania,Australia
146,True,True,True,15,The Cosmopolitan Las Vegas,5,2.0,9,36,2959.0,Dec-Feb,True,February,Saturday,1,True,False,Friends,Europe,Switzerland
147,True,True,True,80,The Cosmopolitan Las Vegas,5,8.0,40,127,2959.0,Dec-Feb,True,February,Wednesday,1,True,False,Couples,Europe,UK
148,True,True,True,1,The Cosmopolitan Las Vegas,5,1.0,5,12,2959.0,Mar-May,True,March,Monday,1,True,False,Couples,North America,USA
149,True,True,True,74,The Cosmopolitan Las Vegas,5,10.0,17,17,2959.0,Mar-May,True,March,Saturday,1,True,False,Couples,North America,USA
150,True,True,True,21,The Cosmopolitan Las Vegas,5,7.0,7,23,2959.0,Mar-May,True,April,Thursday,1,True,False,Friends,Europe,Ireland
151,True,True,True,45,The Cosmopolitan Las Vegas,5,2.0,17,102,2959.0,Mar-May,True,April,Monday,1,True,False,Business,North America,USA
152,True,True,True,55,The Cosmopolitan Las Vegas,5,8.0,15,113,2959.0,Mar-May,True,May,Thursday,1,True,False,Families,Europe,Germany
153,True,True,True,10,The Cosmopolitan Las Vegas,5,1.0,8,30,2959.0,Mar-May,True,May,Wednesday,0,True,False,Business,North America,USA
154,True,True,True,24,The Cosmopolitan Las Vegas,5,7.0,24,24,2959.0,Jun-Aug,True,June,Wednesday,0,True,False,Couples,Europe,Germany
155,True,True,True,18,The Cosmopolitan Las Vegas,5,3.0,5,15,2959.0,Jun-Aug,True,June,Wednesday,1,True,False,Friends,Europe,Ireland
156,True,True,True,14,The Cosmopolitan Las Vegas,5,1.0,4,6,2959.0,Jun-Aug,True,July,Wednesday,0,True,False,Business,North America,USA
157,True,True,True,0,The Cosmopolitan Las Vegas,5,7.0,3,3,2959.0,Jun-Aug,True,July,Tuesday,1,True,False,Friends,Oceania,Australia
158,True,True,True,56,The Cosmopolitan Las Vegas,5,4.0,10,41,2959.0,Jun-Aug,True,August,Saturday,1,True,False,Families,North America,Canada
159,True,True,True,56,The Cosmopolitan Las Vegas,5,10.0,8,19,2959.0,Jun-Aug,True,August,Sunday,1,True,False,Couples,North America,USA
160,True,True,True,10,The Cosmopolitan Las Vegas,5,1.0,9,18,2959.0,Sep-Nov,True,September,Wednesday,1,True,False,Couples,Europe,UK
161,True,True,True,7,The Cosmopolitan Las Vegas,5,7.0,6,6,2959.0,Sep-Nov,True,September,Tuesday,1,True,False,Couples,Europe,Norway
162,True,True,True,98,The Cosmopolitan Las Vegas,5,7.0,5,103,2959.0,Sep-Nov,True,October,Monday,1,True,False,Couples,North America,USA
163,True,True,True,16,The Cosmopolitan Las Vegas,5,10.0,4,18,2959.0,Sep-Nov,True,October,Friday,1,True,False,Friends,Europe,UK
164,True,True,True,7,The Cosmopolitan Las Vegas,5,5.0,7,9,2959.0,Sep-Nov,True,November,Wednesday,1,True,False,Business,Africa,Egypt
165,True,True,True,45,The Cosmopolitan Las Vegas,5,1.0,19,50,2959.0,Sep-Nov,True,November,Friday,1,True,False,Business,North America,USA
166,True,True,True,8,The Cosmopolitan Las Vegas,5,8.0,3,4,2959.0,Dec-Feb,True,December,Tuesday,0,True,False,Couples,North America,Canada
167,True,True,True,8,The Cosmopolitan Las Vegas,5,5.0,3,7,2959.0,Dec-Feb,True,December,Sunday,1,True,False,Families,North America,USA
168,True,True,True,31,The Palazzo Resort Hotel Casino,5,4.0,23,28,3025.0,Dec-Feb,True,January,Friday,0,True,False,Couples,North America,Mexico
169,True,True,True,11,The Palazzo Resort Hotel Casino,5,10.0,6,32,3025.0,Dec-Feb,True,January,Friday,1,True,False,Families,North America,USA
170,True,True,True,4,The Palazzo Resort Hotel Casino,5,9.0,0,4,3025.0,Dec-Feb,True,February,Friday,1,True,False,Couples,North America,Canada
171,True,True,True,9,The Palazzo Resort Hotel Casino,5,3.0,8,37,3025.0,Dec-Feb,True,February,Tuesday,1,True,False,Couples,North America,USA
172,True,True,True,7,The Palazzo Resort Hotel Casino,5,6.0,3,10,3025.0,Mar-May,True,March,Wednesday,1,True,False,Families,North America,Canada
173,True,True,True,80,The Palazzo Resort Hotel Casino,5,8.0,30,36,3025.0,Mar-May,True,March,Friday,1,True,False,Families,North America,Canada
174,True,True,True,14,The Palazzo Resort Hotel Casino,5,5.0,10,31,3025.0,Mar-May,True,April,Sunday,1,True,False,Couples,North America,USA
175,True,True,True,60,The Palazzo Resort Hotel Casino,5,10.0,33,66,3025.0,Mar-May,True,April,Saturday,1,True,False,Couples,North America,Canada
176,True,True,True,8,The Palazzo Resort Hotel Casino,5,1.0,4,17,3025.0,Mar-May,True,May,Saturday,1,True,False,Couples,Europe,France
177,True,True,True,71,The Palazzo Resort Hotel Casino,5,10.0,20,57,3025.0,Mar-May,True,May,Friday,1,True,False,Business,Europe,UK
178,True,True,True,22,The Palazzo Resort Hotel Casino,5,6.0,8,42,3025.0,Jun-Aug,True,June,Monday,1,True,False,Friends,North America,USA
179,True,True,True,14,The Palazzo Resort Hotel Casino,5,8.0,20,28,3025.0,Jun-Aug,True,June,Friday,0,True,False,Couples,North America,USA
180,True,True,True,10,The Palazzo Resort Hotel Casino,5,3.0,8,19,3025.0,Jun-Aug,True,July,Wednesday,1,True,False,Friends,Europe,Spain
181,True,True,True,21,The Palazzo Resort Hotel Casino,5,9.0,11,20,3025.0,Jun-Aug,True,July,Friday,1,True,False,Families,North America,USA
182,True,True,True,93,The Palazzo Resort Hotel Casino,5,8.0,19,75,3025.0,Jun-Aug,True,August,Sunday,1,True,False,Friends,Europe,UK
183,True,True,True,26,The Palazzo Resort Hotel Casino,5,3.0,16,91,3025.0,Jun-Aug,True,August,Wednesday,1,True,False,Business,North America,USA
184,True,True,True,78,The Palazzo Resort Hotel Casino,5,8.0,48,52,3025.0,Sep-Nov,True,September,Saturday,0,True,False,Friends,Europe,UK
185,True,True,True,8,The Palazzo Resort Hotel Casino,5,2.0,4,93,3025.0,Sep-Nov,True,September,Saturday,1,True,False,Families,North America,USA
186,True,True,True,15,The Palazzo Resort Hotel Casino,5,1.0,3,9,3025.0,Sep-Nov,True,October,Wednesday,1,True,False,Families,North America,Canada
187,True,True,True,9,The Palazzo Resort Hotel Casino,5,2.0,3,5,3025.0,Sep-Nov,True,October,Thursday,1,True,False,Couples,Oceania,Australia
188,True,True,True,10,The Palazzo Resort Hotel Casino,5,1.0,7,37,3025.0,Sep-Nov,True,November,Sunday,1,True,False,Friends,Asia,Singapore
189,True,True,True,35,The Palazzo Resort Hotel Casino,5,7.0,25,31,3025.0,Sep-Nov,True,November,Sunday,0,True,False,Families,South America,Brazil
190,True,True,True,4,The Palazzo Resort Hotel Casino,5,7.0,4,6,3025.0,Dec-Feb,True,December,Thursday,1,True,False,Couples,North America,USA
191,True,True,True,113,The Palazzo Resort Hotel Casino,5,8.0,55,252,3025.0,Dec-Feb,True,December,Monday,1,True,False,Families,North America,USA
192,True,True,True,82,Wynn Las Vegas,5,4.0,48,164,2700.0,Dec-Feb,True,January,Saturday,1,True,True,Couples,North America,USA
193,True,True,True,9,Wynn Las Vegas,5,4.0,3,5,2700.0,Dec-Feb,True,January,Tuesday,1,True,True,Families,North America,USA
194,True,True,True,20,Wynn Las Vegas,5,3.0,5,7,2700.0,Dec-Feb,True,February,Saturday,1,True,True,Couples,North America,Canada
195,True,True,True,15,Wynn Las Vegas,5,7.0,11,18,2700.0,Dec-Feb,True,February,Tuesday,1,True,True,Couples,North America,USA
196,True,True,True,16,Wynn Las Vegas,5,6.0,13,20,2700.0,Mar-May,True,March,Friday,1,True,True,Friends,North America,USA
197,True,True,True,12,Wynn Las Vegas,5,8.0,5,21,2700.0,Mar-May,True,March,Monday,1,True,True,Business,North America,USA
198,True,True,True,48,Wynn Las Vegas,5,4.0,35,125,2700.0,Mar-May,True,April,Sunday,1,True,True,Business,North America,USA
199,True,True,True,10,Wynn Las Vegas,5,1.0,7,11,2700.0,Mar-May,True,April,Monday,1,True,True,Couples,North America,USA
200,True,True,True,16,Wynn Las Vegas,5,7.0,10,16,2700.0,Mar-May,True,May,Monday,0,True,True,Solo,Asia,Singapore
201,True,True,True,5,Wynn Las Vegas,5,3.0,5,19,2700.0,Mar-May,True,May,Monday,1,True,True,Couples,Europe,UK
202,True,True,True,365,Wynn Las Vegas,5,6.0,27,73,2700.0,Jun-Aug,True,June,Wednesday,1,True,True,Couples,North America,USA
203,True,True,True,4,Wynn Las Vegas,5,11.0,4,5,2700.0,Jun-Aug,True,June,Wednesday,1,True,True,Couples,North America,USA
204,True,True,True,17,Wynn Las Vegas,5,3.0,10,30,2700.0,Jun-Aug,True,July,Monday,1,True,True,Couples,North America,USA
205,True,True,True,10,Wynn Las Vegas,5,3.0,4,7,2700.0,Jun-Aug,True,July,Sunday,1,True,True,Couples,North America,Canada
206,True,True,True,99,Wynn Las Vegas,5,6.0,46,67,2700.0,Jun-Aug,True,August,Sunday,1,True,True,Couples,North America,Canada
207,True,True,True,25,Wynn Las Vegas,5,9.0,13,18,2700.0,Jun-Aug,True,August,Saturday,1,True,True,Solo,Europe,Finland
208,True,True,True,11,Wynn Las Vegas,5,4.0,7,12,2700.0,Sep-Nov,True,September,Monday,0,True,True,Business,North America,Canada
209,True,True,True,26,Wynn Las Vegas,5,7.0,12,40,2700.0,Sep-Nov,True,September,Saturday,1,True,True,Friends,North America,Canada
210,True,True,True,31,Wynn Las Vegas,5,3.0,17,142,2700.0,Sep-Nov,True,October,Monday,1,True,True,Couples,North America,USA
211,True,True,True,16,Wynn Las Vegas,5,7.0,4,8,2700.0,Sep-Nov,True,October,Saturday,1,True,True,Couples,Europe,UK
212,True,True,True,3,Wynn Las Vegas,5,2.0,9,15,2700.0,Sep-Nov,True,November,Monday,1,True,True,Business,North America,Costa Rica
213,True,True,True,14,Wynn Las Vegas,5,8.0,18,2,2700.0,Sep-Nov,True,November,Wednesday,1,True,True,Couples,Europe,UK
214,True,True,True,10,Wynn Las Vegas,5,5.0,6,10,2700.0,Dec-Feb,True,December,Tuesday,1,True,True,Couples,Europe,UK
215,True,True,True,55,Wynn Las Vegas,5,9.0,13,16,2700.0,Dec-Feb,True,December,Tuesday,1,True,True,Couples,North America,USA
216,True,True,True,13,Trump International Hotel Las Vegas,5,10.0,7,21,1282.0,Dec-Feb,True,January,Tuesday,1,True,False,Solo,Europe,UK
217,True,True,True,41,Trump International Hotel Las Vegas,5,5.0,58,69,1282.0,Dec-Feb,True,January,Saturday,1,True,False,Business,Asia,India
218,True,True,True,8,Trump International Hotel Las Vegas,5,5.0,13,33,1282.0,Dec-Feb,True,February,Wednesday,1,True,False,Business,North America,USA
219,True,True,True,2,Trump International Hotel Las Vegas,5,1.0,0,1,1282.0,Dec-Feb,True,February,Tuesday,1,True,False,Families,North America,USA
220,True,True,True,23,Trump International Hotel Las Vegas,5,5.0,8,49,1282.0,Mar-May,True,March,Monday,1,True,False,Couples,North America,USA
221,True,True,True,255,Trump International Hotel Las Vegas,5,2.0,52,775,1282.0,Mar-May,True,March,Wednesday,0,True,False,Couples,North America,USA
222,True,True,True,6,Trump International Hotel Las Vegas,5,7.0,7,16,1282.0,Mar-May,True,April,Monday,1,True,False,Couples,Asia,United Arab Emirates
223,True,True,True,1,Trump International Hotel Las Vegas,5,10.0,0,1,1282.0,Mar-May,True,April,Wednesday,1,True,False,Couples,North America,USA
224,True,True,True,17,Trump International Hotel Las Vegas,5,7.0,11,19,1282.0,Mar-May,True,May,Friday,1,True,False,Families,Asia,Singapore
225,True,True,True,8,Trump International Hotel Las Vegas,5,7.0,4,7,1282.0,Mar-May,True,May,Sunday,1,True,False,Families,South America,Brazil
226,True,True,True,16,Trump International Hotel Las Vegas,5,8.0,18,38,1282.0,Jun-Aug,True,June,Sunday,1,True,False,Couples,North America,USA
227,True,True,True,30,Trump International Hotel Las Vegas,5,9.0,14,48,1282.0,Jun-Aug,True,June,Wednesday,1,True,False,Business,North America,USA
228,True,True,True,55,Trump International Hotel Las Vegas,5,3.0,20,136,1282.0,Jun-Aug,True,July,Sunday,1,True,False,Families,North America,Canada
229,True,True,True,1,Trump International Hotel Las Vegas,5,6.0,8,26,1282.0,Jun-Aug,True,July,Monday,1,True,False,Families,North America,USA
230,True,True,True,2,Trump International Hotel Las Vegas,5,4.0,3,3,1282.0,Jun-Aug,True,August,Sunday,1,True,False,Couples,Asia,Iran
231,True,True,True,24,Trump International Hotel Las Vegas,5,5.0,17,78,1282.0,Jun-Aug,True,August,Monday,1,True,False,Couples,North America,USA
232,True,True,True,12,Trump International Hotel Las Vegas,5,10.0,18,24,1282.0,Sep-Nov,True,September,Thursday,1,True,False,Families,Europe,UK
233,True,True,True,15,Trump International Hotel Las Vegas,5,1.0,0,2,1282.0,Sep-Nov,True,September,Monday,0,True,False,Families,Africa,Egypt
234,True,True,True,3,Trump International Hotel Las Vegas,5,11.0,3,4,1282.0,Sep-Nov,True,October,Thursday,1,True,False,Friends,Europe,Ireland
235,True,True,True,17,Trump International Hotel Las Vegas,5,2.0,7,11,1282.0,Sep-Nov,True,October,Saturday,1,True,False,Couples,Oceania,Australia
236,True,True,True,1,Trump International Hotel Las Vegas,5,1.0,0,1,1282.0,Sep-Nov,True,November,Wednesday,0,True,False,Couples,Europe,Germany
237,True,True,True,17,Trump International Hotel Las Vegas,5,2.0,16,35,1282.0,Sep-Nov,True,November,Tuesday,1,True,False,Families,Oceania,Australia
238,True,True,True,76,Trump International Hotel Las Vegas,5,2.0,19,110,1282.0,Dec-Feb,True,December,Tuesday,1,True,False,Business,North America,USA
239,True,True,True,24,Trump International Hotel Las Vegas,5,3.0,25,53,1282.0,Dec-Feb,True,December,Sunday,1,True,False,Couples,North America,USA
240,True,True,False,102,The Cromwell,4,10.0,45,320,188.0,Dec-Feb,True,January,Sunday,0,False,False,Business,Asia,Saudi Arabia
241,True,True,False,2,The Cromwell,4,10.0,0,2,188.0,Dec-Feb,True,January,Sunday,1,False,False,Business,North America,USA
242,True,True,False,12,The Cromwell,4,10.0,6,26,188.0,Dec-Feb,True,January,Sunday,1,False,False,Families,North America,USA
243,True,True,False,0,The Cromwell,4,1.0,4,4,188.0,Dec-Feb,True,January,Sunday,1,False,False,Couples,North America,USA
244,True,True,False,6,The Cromwell,4,1.0,9,9,188.0,Mar-May,True,April,Sunday,0,False,False,Solo,North America,USA
245,True,True,False,70,The Cromwell,4,1.0,14,17,188.0,Mar-May,True,April,Sunday,1,False,False,Friends,North America,USA
246,True,True,False,1,The Cromwell,4,1.0,0,3,188.0,Mar-May,True,April,Sunday,1,False,False,Couples,North America,Canada
247,True,True,False,4,The Cromwell,4,1.0,0,14,188.0,Mar-May,True,April,Sunday,0,False,False,Families,North America,Canada
248,True,True,False,267,The Cromwell,4,1.0,111,235,188.0,Mar-May,True,April,Sunday,1,False,False,Friends,North America,USA
249,True,True,False,21,The Cromwell,4,10.0,9,59,188.0,Mar-May,True,April,Sunday,1,False,False,Couples,North America,USA
250,True,True,False,2,The Cromwell,4,10.0,0,2,188.0,Jun-Aug,True,July,Sunday,1,False,False,Friends,North America,USA
251,True,True,False,1,The Cromwell,4,10.0,0,2,188.0,Jun-Aug,True,July,Sunday,1,False,False,Couples,North America,USA
252,True,True,False,53,The Cromwell,4,1.0,18,21,188.0,Jun-Aug,True,July,Sunday,1,False,False,Couples,North America,USA
253,True,True,False,16,The Cromwell,4,10.0,0,4,188.0,Jun-Aug,True,July,Sunday,0,False,False,Friends,North America,USA
254,True,True,False,70,The Cromwell,4,10.0,52,184,188.0,Jun-Aug,True,July,Sunday,1,False,False,Couples,Europe,Netherlands
255,True,True,False,150,The Cromwell,4,1.0,75,262,188.0,Jun-Aug,True,July,Sunday,1,False,False,Families,Europe,UK
256,True,True,False,17,The Cromwell,4,1.0,11,69,188.0,Sep-Nov,True,October,Sunday,1,False,False,Couples,North America,USA
257,True,True,False,27,The Cromwell,4,10.0,12,92,188.0,Sep-Nov,True,October,Sunday,1,False,False,Business,Oceania,Australia
258,True,True,False,116,The Cromwell,4,10.0,61,131,188.0,Sep-Nov,True,October,Sunday,0,False,False,Families,North America,USA
259,True,True,False,16,The Cromwell,4,1.0,10,25,188.0,Sep-Nov,True,October,Sunday,1,False,False,Friends,Europe,Norway
260,True,True,False,53,The Cromwell,4,10.0,22,49,188.0,Sep-Nov,True,October,Sunday,0,False,False,Couples,North America,Canada
261,True,True,False,55,The Cromwell,4,1.0,33,148,188.0,Sep-Nov,True,October,Sunday,1,False,False,Business,North America,USA
262,True,True,False,22,The Cromwell,4,10.0,7,26,188.0,Dec-Feb,True,January,Sunday,1,False,False,Couples,North America,Canada
263,True,True,False,1,The Cromwell,4,1.0,4,13,188.0,Dec-Feb,True,January,Sunday,1,False,False,Couples,North America,USA
264,True,True,True,20,Encore at wynn Las Vegas,5,5.0,3,3,2034.0,Dec-Feb,True,January,Tuesday,0,True,False,Business,Asia,Thailand
265,True,True,True,87,Encore at wynn Las Vegas,5,3.0,12,46,2034.0,Dec-Feb,True,January,Tuesday,1,True,False,Couples,North America,USA
266,True,True,True,81,Encore at wynn Las Vegas,5,8.0,40,127,2034.0,Dec-Feb,True,February,Thursday,1,True,False,Couples,Europe,UK
267,True,True,True,12,Encore at wynn Las Vegas,5,4.0,5,15,2034.0,Dec-Feb,True,February,Sunday,1,True,False,Business,North America,USA
268,True,True,True,23,Encore at wynn Las Vegas,5,7.0,14,16,2034.0,Mar-May,True,March,Friday,1,True,False,Couples,North America,USA
269,True,True,True,27,Encore at wynn Las Vegas,5,1.0,38,113,2034.0,Mar-May,True,March,Tuesday,1,True,False,Friends,North America,USA
270,True,True,True,5,Encore at wynn Las Vegas,5,7.0,5,7,2034.0,Mar-May,True,April,Monday,0,True,False,Families,Europe,UK
271,True,True,True,99,Encore at wynn Las Vegas,5,10.0,32,73,2034.0,Mar-May,True,April,Thursday,1,True,False,Friends,South America,Honduras
272,True,True,True,3,Encore at wynn Las Vegas,5,2.0,12,35,2034.0,Mar-May,True,May,Friday,1,True,False,Business,North America,USA
273,True,True,True,86,Encore at wynn Las Vegas,5,5.0,20,139,2034.0,Mar-May,True,May,Monday,1,True,False,Friends,Europe,UK
274,True,True,True,30,Encore at wynn Las Vegas,5,2.0,12,28,2034.0,Jun-Aug,True,June,Saturday,1,True,False,Couples,Europe,UK
275,True,True,True,26,Encore at wynn Las Vegas,5,4.0,8,34,2034.0,Jun-Aug,True,June,Tuesday,1,True,False,Business,North America,USA
276,True,True,True,5,Encore at wynn Las Vegas,5,3.0,3,4,2034.0,Jun-Aug,True,July,Thursday,1,True,False,Friends,North America,USA
277,True,True,True,14,Encore at wynn Las Vegas,5,3.0,11,32,2034.0,Jun-Aug,True,July,Sunday,1,True,False,Families,North America,USA
278,True,True,True,4,Encore at wynn Las Vegas,5,1.0,3,9,2034.0,Jun-Aug,True,August,Thursday,1,True,False,Families,Europe,UK
279,True,True,True,200,Encore at wynn Las Vegas,5,4.0,58,333,2034.0,Jun-Aug,True,August,Sunday,1,True,False,Families,North America,USA
280,True,True,True,15,Encore at wynn Las Vegas,5,6.0,11,29,2034.0,Sep-Nov,True,September,Monday,1,True,False,Couples,North America,USA
281,True,True,True,68,Encore at wynn Las Vegas,5,5.0,43,85,2034.0,Sep-Nov,True,September,Wednesday,1,True,False,Friends,Europe,UK
282,True,True,True,1,Encore at wynn Las Vegas,5,5.0,5,12,2034.0,Sep-Nov,True,October,Friday,1,True,False,Couples,North America,USA
283,True,True,True,7,Encore at wynn Las Vegas,5,4.0,10,34,2034.0,Sep-Nov,True,October,Thursday,1,True,False,Business,Europe,UK
284,True,True,True,8,Encore at wynn Las Vegas,5,5.0,7,13,2034.0,Sep-Nov,True,November,Sunday,1,True,False,Couples,Asia,India
285,True,True,True,14,Encore at wynn Las Vegas,5,5.0,5,5,2034.0,Sep-Nov,True,November,Sunday,1,True,False,Couples,North America,USA
286,True,True,True,41,Encore at wynn Las Vegas,5,8.0,25,169,2034.0,Dec-Feb,True,December,Tuesday,1,True,False,Friends,North America,USA
287,True,True,True,6,Encore at wynn Las Vegas,5,7.0,10,11,2034.0,Dec-Feb,True,December,Tuesday,1,True,False,Business,North America,USA
288,True,True,True,2,Hilton Grand Vacations on the Boulevard,3,1.0,3,4,1228.0,Dec-Feb,True,January,Sunday,1,True,False,Couples,North America,USA
289,True,True,True,48,Hilton Grand Vacations on the Boulevard,3,10.0,39,50,1228.0,Dec-Feb,True,January,Sunday,0,True,False,Families,North America,USA
290,True,True,True,1,Hilton Grand Vacations on the Boulevard,3,10.0,3,10,1228.0,Dec-Feb,True,January,Sunday,1,True,False,Business,North America,Mexico
291,True,True,True,4,Hilton Grand Vacations on the Boulevard,3,10.0,4,7,1228.0,Dec-Feb,True,January,Sunday,1,True,False,Couples,North America,Canada
292,True,True,True,42,Hilton Grand Vacations on the Boulevard,3,10.0,7,60,1228.0,Mar-May,True,April,Sunday,1,True,False,Couples,Europe,UK
293,True,True,True,18,Hilton Grand Vacations on the Boulevard,3,1.0,49,92,1228.0,Mar-May,True,April,Sunday,1,True,False,Couples,Europe,Netherlands
294,True,True,True,58,Hilton Grand Vacations on the Boulevard,3,1.0,37,106,1228.0,Mar-May,True,April,Sunday,1,True,False,Business,Oceania,Australia
295,True,True,True,45,Hilton Grand Vacations on the Boulevard,3,10.0,5,7,1228.0,Mar-May,True,April,Sunday,1,True,False,Families,North America,Canada
296,True,True,True,38,Hilton Grand Vacations on the Boulevard,3,1.0,31,37,1228.0,Mar-May,True,April,Sunday,1,True,False,Families,South America,Brazil
297,True,True,True,19,Hilton Grand Vacations on the Boulevard,3,10.0,25,70,1228.0,Mar-May,True,April,Sunday,0,True,False,Couples,North America,USA
298,True,True,True,4,Hilton Grand Vacations on the Boulevard,3,10.0,3,9,1228.0,Jun-Aug,True,July,Sunday,1,True,False,Friends,North America,USA
299,True,True,True,7,Hilton Grand Vacations on the Boulevard,3,1.0,6,11,1228.0,Jun-Aug,True,July,Sunday,1,True,False,Solo,North America,USA
300,True,True,True,9,Hilton Grand Vacations on the Boulevard,3,1.0,18,39,1228.0,Jun-Aug,True,July,Sunday,1,True,False,Families,Europe,Finland
301,True,True,True,9,Hilton Grand Vacations on the Boulevard,3,1.0,0,10,1228.0,Jun-Aug,True,July,Sunday,1,True,False,Families,Europe,UK
302,True,True,True,24,Hilton Grand Vacations on the Boulevard,3,10.0,17,78,1228.0,Jun-Aug,True,July,Sunday,1,True,False,Couples,North America,USA
303,True,True,True,19,Hilton Grand Vacations on the Boulevard,3,1.0,21,48,1228.0,Jun-Aug,True,July,Sunday,1,True,False,Families,Europe,UK
304,True,True,True,41,Hilton Grand Vacations on the Boulevard,3,10.0,34,112,1228.0,Sep-Nov,True,October,Sunday,1,True,False,Families,North America,Canada
305,True,True,True,14,Hilton Grand Vacations on the Boulevard,3,10.0,17,28,1228.0,Sep-Nov,True,October,Sunday,1,True,False,Solo,North America,USA
306,True,True,True,16,Hilton Grand Vacations on the Boulevard,3,10.0,3,11,1228.0,Sep-Nov,True,October,Sunday,0,True,False,Couples,Europe,UK
307,True,True,True,11,Hilton Grand Vacations on the Boulevard,3,10.0,5,9,1228.0,Sep-Nov,True,October,Sunday,1,True,False,Business,North America,USA
308,True,True,True,1,Hilton Grand Vacations on the Boulevard,3,1.0,4,4,1228.0,Sep-Nov,True,October,Sunday,0,True,False,Families,North America,USA
309,True,True,True,25,Hilton Grand Vacations on the Boulevard,3,1.0,15,22,1228.0,Sep-Nov,True,October,Sunday,1,True,False,Families,North America,Mexico
310,True,True,True,36,Hilton Grand Vacations on the Boulevard,3,10.0,11,42,1228.0,Dec-Feb,True,January,Sunday,1,True,False,Couples,North America,USA
311,True,True,True,9,Hilton Grand Vacations on the Boulevard,3,10.0,16,20,1228.0,Dec-Feb,True,January,Sunday,1,True,False,Couples,Oceania,Australia
312,True,True,True,88,Marriott's Grand Chateau,3,10.0,34,160,643.0,Dec-Feb,True,January,Sunday,1,False,False,Business,North America,Canada
313,True,True,True,169,Marriott's Grand Chateau,3,1.0,78,372,643.0,Dec-Feb,True,January,Sunday,1,False,False,Business,North America,USA
314,True,True,True,36,Marriott's Grand Chateau,3,10.0,18,84,643.0,Dec-Feb,True,January,Sunday,1,False,False,Families,North America,USA
315,True,True,True,20,Marriott's Grand Chateau,3,1.0,13,21,643.0,Dec-Feb,True,January,Sunday,1,False,False,Business,North America,USA
316,True,True,True,55,Marriott's Grand Chateau,3,10.0,37,95,643.0,Mar-May,True,April,Sunday,1,False,False,Friends,Europe,UK
317,True,True,True,131,Marriott's Grand Chateau,3,1.0,107,118,643.0,Mar-May,True,April,Sunday,1,False,False,Business,Europe,Germany
318,True,True,True,8,Marriott's Grand Chateau,3,1.0,0,6,643.0,Mar-May,True,April,Sunday,1,False,False,Couples,North America,Canada
319,True,True,True,31,Marriott's Grand Chateau,3,1.0,4,60,643.0,Mar-May,True,April,Sunday,1,False,False,Couples,North America,USA
320,True,True,True,339,Marriott's Grand Chateau,3,10.0,79,275,643.0,Mar-May,True,April,Sunday,1,False,False,Couples,Oceania,Australia
321,True,True,True,42,Marriott's Grand Chateau,3,1.0,39,46,643.0,Mar-May,True,April,Sunday,1,False,False,Business,North America,Canada
322,True,True,True,6,Marriott's Grand Chateau,3,10.0,5,6,643.0,Jun-Aug,True,July,Sunday,1,False,False,Families,North America,USA
323,True,True,True,5,Marriott's Grand Chateau,3,1.0,0,11,643.0,Jun-Aug,True,July,Sunday,1,False,False,Families,Oceania,Australia
324,True,True,True,48,Marriott's Grand Chateau,3,10.0,37,75,643.0,Jun-Aug,True,July,Sunday,1,False,False,Couples,North America,USA
325,True,True,True,115,Marriott's Grand Chateau,3,10.0,76,240,643.0,Jun-Aug,True,July,Sunday,1,False,False,Couples,Europe,Denmark
326,True,True,True,7,Marriott's Grand Chateau,3,1.0,12,20,643.0,Jun-Aug,True,July,Sunday,1,False,False,Families,Asia,Taiwan
327,True,True,True,25,Marriott's Grand Chateau,3,1.0,40,62,643.0,Jun-Aug,True,July,Sunday,1,False,False,Families,Asia,Israel
328,True,True,True,58,Marriott's Grand Chateau,3,10.0,19,88,643.0,Sep-Nov,True,October,Sunday,1,False,False,Friends,North America,Hawaii
329,True,True,True,5,Marriott's Grand Chateau,3,10.0,3,6,643.0,Sep-Nov,True,October,Sunday,1,False,False,Friends,North America,USA
330,True,True,True,8,Marriott's Grand Chateau,3,10.0,9,18,643.0,Sep-Nov,True,October,Sunday,0,False,False,Business,Asia,Thailand
331,True,True,True,78,Marriott's Grand Chateau,3,10.0,43,159,643.0,Sep-Nov,True,October,Sunday,1,False,False,Families,North America,Mexico
332,True,True,True,20,Marriott's Grand Chateau,3,1.0,23,47,643.0,Sep-Nov,True,October,Sunday,1,False,False,Couples,Asia,Kuwait
333,True,True,True,46,Marriott's Grand Chateau,3,10.0,12,86,643.0,Sep-Nov,True,October,Sunday,1,False,False,Couples,Europe,Norway
334,True,True,True,13,Marriott's Grand Chateau,3,10.0,9,42,643.0,Dec-Feb,True,January,Sunday,1,False,False,Couples,North America,USA
335,True,True,True,23,Marriott's Grand Chateau,3,10.0,33,64,643.0,Dec-Feb,True,January,Sunday,1,False,False,Families,Europe,Germany
336,True,True,True,119,Tuscany Las Vegas Suites & Casino,3,8.0,71,167,716.0,Dec-Feb,True,January,Saturday,1,True,True,Couples,North America,USA
337,True,True,True,12,Tuscany Las Vegas Suites & Casino,3,8.0,5,25,716.0,Dec-Feb,True,January,Thursday,1,True,True,Friends,North America,USA
338,True,True,True,6,Tuscany Las Vegas Suites & Casino,3,4.0,12,12,716.0,Dec-Feb,True,February,Friday,0,True,True,Business,Europe,UK
339,True,True,True,319,Tuscany Las Vegas Suites & Casino,3,5.0,117,608,716.0,Dec-Feb,True,February,Saturday,1,True,True,Business,North America,USA
340,True,True,True,3,Tuscany Las Vegas Suites & Casino,3,8.0,4,5,716.0,Mar-May,True,March,Sunday,1,True,True,Friends,North America,USA
341,True,True,True,34,Tuscany Las Vegas Suites & Casino,3,7.0,17,26,716.0,Mar-May,True,March,Thursday,1,True,True,Couples,North America,USA
342,True,True,True,9,Tuscany Las Vegas Suites & Casino,3,7.0,5,11,716.0,Mar-May,True,April,Monday,1,True,True,Couples,South America,Brazil
343,True,True,True,13,Tuscany Las Vegas Suites & Casino,3,3.0,10,39,716.0,Mar-May,True,April,Wednesday,1,True,True,Couples,North America,USA
344,True,True,True,3,Tuscany Las Vegas Suites & Casino,3,1.0,0,1,716.0,Mar-May,True,May,Thursday,0,True,True,Families,Asia,India
345,True,True,True,22,Tuscany Las Vegas Suites & Casino,3,5.0,20,108,716.0,Mar-May,True,May,Thursday,0,True,True,Business,North America,USA
346,True,True,True,46,Tuscany Las Vegas Suites & Casino,3,1.0,20,119,716.0,Jun-Aug,True,June,Sunday,1,True,True,Friends,Asia,Malaysia
347,True,True,True,17,Tuscany Las Vegas Suites & Casino,3,6.0,15,27,716.0,Jun-Aug,True,June,Tuesday,0,True,True,Couples,North America,USA
348,True,True,True,134,Tuscany Las Vegas Suites & Casino,3,5.0,55,55,716.0,Jun-Aug,True,July,Wednesday,1,True,True,Couples,Europe,Germany
349,True,True,True,7,Tuscany Las Vegas Suites & Casino,3,3.0,3,7,716.0,Jun-Aug,True,July,Friday,1,True,True,Business,North America,Canada
350,True,True,True,2,Tuscany Las Vegas Suites & Casino,3,10.0,3,3,716.0,Jun-Aug,True,August,Wednesday,0,True,True,Business,North America,Canada
351,True,True,True,19,Tuscany Las Vegas Suites & Casino,3,6.0,3,11,716.0,Jun-Aug,True,August,Monday,1,True,True,Couples,North America,USA
352,True,True,True,16,Tuscany Las Vegas Suites & Casino,3,5.0,15,27,716.0,Sep-Nov,True,September,Sunday,1,True,True,Couples,Oceania,Australia
353,True,True,True,6,Tuscany Las Vegas Suites & Casino,3,1.0,4,13,716.0,Sep-Nov,True,September,Wednesday,1,True,True,Couples,North America,USA
354,True,True,True,14,Tuscany Las Vegas Suites & Casino,3,5.0,11,19,716.0,Sep-Nov,True,October,Sunday,0,True,True,Couples,Europe,UK
355,True,True,True,17,Tuscany Las Vegas Suites & Casino,3,7.0,12,38,716.0,Sep-Nov,True,October,Friday,1,True,True,Business,North America,Canada
356,True,True,True,119,Tuscany Las Vegas Suites & Casino,3,8.0,71,167,716.0,Sep-Nov,True,November,Sunday,1,True,True,Couples,North America,USA
357,True,True,True,9,Tuscany Las Vegas Suites & Casino,3,3.0,6,28,716.0,Sep-Nov,True,November,Tuesday,0,True,True,Business,North America,USA
358,True,True,True,5,Tuscany Las Vegas Suites & Casino,3,4.0,8,9,716.0,Dec-Feb,True,December,Sunday,1,True,True,Families,North America,Canada
359,True,True,True,4,Tuscany Las Vegas Suites & Casino,3,5.0,4,13,716.0,Dec-Feb,True,December,Tuesday,1,True,True,Friends,North America,USA
360,False,True,True,72,Hilton Grand Vacations at the Flamingo,3,6.0,24,65,315.0,Dec-Feb,True,January,Monday,0,False,False,Business,North America,USA
361,False,True,True,3,Hilton Grand Vacations at the Flamingo,3,3.0,3,8,315.0,Dec-Feb,True,January,Thursday,1,False,False,Couples,North America,USA
362,False,True,True,26,Hilton Grand Vacations at the Flamingo,3,4.0,13,61,315.0,Dec-Feb,True,February,Sunday,0,False,False,Couples,Europe,UK
363,False,True,True,8,Hilton Grand Vacations at the Flamingo,3,1.0,3,3,315.0,Dec-Feb,True,February,Saturday,0,False,False,Families,North America,USA
364,False,True,True,21,Hilton Grand Vacations at the Flamingo,3,9.0,13,66,315.0,Mar-May,True,March,Friday,1,False,False,Friends,North America,USA
365,False,True,True,4,Hilton Grand Vacations at the Flamingo,3,2.0,7,9,315.0,Mar-May,True,March,Tuesday,1,False,False,Couples,North America,Hawaii
366,False,True,True,61,Hilton Grand Vacations at the Flamingo,3,1.0,14,82,315.0,Mar-May,True,April,Wednesday,0,False,False,Families,North America,Hawaii
367,False,True,True,33,Hilton Grand Vacations at the Flamingo,3,4.0,48,113,315.0,Mar-May,True,April,Sunday,0,False,False,Families,North America,Canada
368,False,True,True,12,Hilton Grand Vacations at the Flamingo,3,6.0,8,11,315.0,Mar-May,True,May,Sunday,0,False,False,Friends,North America,USA
369,False,True,True,1,Hilton Grand Vacations at the Flamingo,3,3.0,1,2,315.0,Mar-May,True,May,Tuesday,0,False,False,Families,North America,Canada
370,False,True,True,24,Hilton Grand Vacations at the Flamingo,3,2.0,11,31,315.0,Jun-Aug,True,June,Wednesday,1,False,False,Couples,North America,USA
371,False,True,True,22,Hilton Grand Vacations at the Flamingo,3,5.0,12,32,315.0,Jun-Aug,True,June,Wednesday,1,False,False,Couples,Oceania,Australia
372,False,True,True,25,Hilton Grand Vacations at the Flamingo,3,7.0,7,56,315.0,Jun-Aug,True,July,Sunday,0,False,False,Families,North America,USA
373,False,True,True,22,Hilton Grand Vacations at the Flamingo,3,3.0,6,45,315.0,Jun-Aug,True,July,Thursday,1,False,False,Couples,North America,Canada
374,False,True,True,4,Hilton Grand Vacations at the Flamingo,3,10.0,4,17,315.0,Jun-Aug,True,August,Sunday,1,False,False,Families,North America,USA
375,False,True,True,11,Hilton Grand Vacations at the Flamingo,3,1.0,23,23,315.0,Jun-Aug,True,August,Sunday,1,False,False,Families,North America,USA
376,False,True,True,24,Hilton Grand Vacations at the Flamingo,3,4.0,18,56,315.0,Sep-Nov,True,September,Saturday,1,False,False,Friends,North America,Canada
377,False,True,True,300,Hilton Grand Vacations at the Flamingo,3,10.0,263,290,315.0,Sep-Nov,True,September,Saturday,1,False,False,Business,North America,USA
378,False,True,True,9,Hilton Grand Vacations at the Flamingo,3,10.0,7,26,315.0,Sep-Nov,True,October,Friday,1,False,False,Families,Oceania,Australia
379,False,True,True,53,Hilton Grand Vacations at the Flamingo,3,5.0,44,116,315.0,Sep-Nov,True,October,Saturday,1,False,False,Couples,Asia,India
380,False,True,True,15,Hilton Grand Vacations at the Flamingo,3,5.0,5,14,315.0,Sep-Nov,True,November,Thursday,1,False,False,Business,Europe,Czech Republic
381,False,True,True,1,Hilton Grand Vacations at the Flamingo,3,4.0,7,13,315.0,Sep-Nov,True,November,Sunday,1,False,False,Business,North America,USA
382,False,True,True,25,Hilton Grand Vacations at the Flamingo,3,8.0,9,20,315.0,Dec-Feb,True,December,Tuesday,1,False,False,Couples,North America,USA
383,False,True,True,3,Hilton Grand Vacations at the Flamingo,3,2.0,3,3,315.0,Dec-Feb,True,December,Wednesday,1,False,False,Families,North America,Mexico
384,False,True,True,12,Wyndham Grand Desert,3,1.0,3,17,787.0,Dec-Feb,True,January,Sunday,1,False,True,Friends,North America,USA
385,False,True,True,13,Wyndham Grand Desert,3,1.0,11,21,787.0,Dec-Feb,True,January,Sunday,1,False,True,Families,Oceania,Australia
386,False,True,True,33,Wyndham Grand Desert,3,1.0,11,60,787.0,Dec-Feb,True,January,Sunday,1,False,True,Couples,North America,USA
387,False,True,True,15,Wyndham Grand Desert,3,10.0,4,12,787.0,Dec-Feb,True,January,Sunday,1,False,True,Couples,North America,Canada
388,False,True,True,51,Wyndham Grand Desert,3,10.0,12,27,787.0,Mar-May,True,April,Sunday,1,False,True,Friends,North America,USA
389,False,True,True,35,Wyndham Grand Desert,3,10.0,12,34,787.0,Mar-May,True,April,Sunday,1,False,True,Couples,North America,USA
390,False,True,True,38,Wyndham Grand Desert,3,1.0,22,69,787.0,Mar-May,True,April,Sunday,1,False,True,Families,North America,Canada
391,False,True,True,7,Wyndham Grand Desert,3,10.0,4,16,787.0,Mar-May,True,April,Sunday,1,False,True,Couples,North America,USA
392,False,True,True,5,Wyndham Grand Desert,3,10.0,5,26,787.0,Mar-May,True,April,Sunday,1,False,True,Families,Oceania,Australia
393,False,True,True,15,Wyndham Grand Desert,3,10.0,10,54,787.0,Mar-May,True,April,Sunday,1,False,True,Business,North America,USA
394,False,True,True,27,Wyndham Grand Desert,3,10.0,17,35,787.0,Jun-Aug,True,July,Sunday,1,False,True,Couples,Europe,UK
395,False,True,True,7,Wyndham Grand Desert,3,10.0,12,23,787.0,Jun-Aug,True,July,Sunday,1,False,True,Families,Asia,India
396,False,True,True,14,Wyndham Grand Desert,3,1.0,3,6,787.0,Jun-Aug,True,July,Sunday,1,False,True,Families,Europe,UK
397,False,True,True,16,Wyndham Grand Desert,3,1.0,8,27,787.0,Jun-Aug,True,July,Sunday,1,False,True,Friends,North America,USA
398,False,True,True,14,Wyndham Grand Desert,3,1.0,8,41,787.0,Jun-Aug,True,July,Sunday,0,False,True,Families,North America,USA
399,False,True,True,6,Wyndham Grand Desert,3,1.0,4,12,787.0,Jun-Aug,True,July,Sunday,1,False,True,Couples,North America,Canada
400,False,True,True,14,Wyndham Grand Desert,3,1.0,3,14,787.0,Sep-Nov,True,October,Sunday,1,False,True,Friends,North America,USA
401,False,True,True,265,Wyndham Grand Desert,3,1.0,162,415,787.0,Sep-Nov,True,October,Sunday,1,False,True,Business,North America,USA
402,False,True,True,32,Wyndham Grand Desert,3,10.0,27,76,787.0,Sep-Nov,True,October,Sunday,0,False,True,Couples,Europe,Ireland
403,False,True,True,30,Wyndham Grand Desert,3,1.0,12,24,787.0,Sep-Nov,True,October,Sunday,1,False,True,Couples,Europe,UK
404,False,True,True,23,Wyndham Grand Desert,3,1.0,9,23,787.0,Sep-Nov,True,October,Sunday,0,False,True,Families,Asia,Japan
405,False,True,True,47,Wyndham Grand Desert,3,10.0,24,182,787.0,Sep-Nov,True,October,Sunday,1,False,True,Families,North America,USA
406,False,True,True,133,Wyndham Grand Desert,3,10.0,28,289,787.0,Dec-Feb,True,January,Sunday,1,False,True,Families,North America,USA
407,False,True,True,46,Wyndham Grand Desert,3,1.0,35,101,787.0,Dec-Feb,True,January,Sunday,1,False,True,Friends,North America,Canada
408,True,True,True,20,The Venetian Las Vegas Hotel,5,2.0,11,31,4027.0,Dec-Feb,True,January,Friday,1,True,False,Business,Europe,Ireland
409,True,True,True,9,The Venetian Las Vegas Hotel,5,10.0,6,20,4027.0,Dec-Feb,True,January,Wednesday,1,True,False,Solo,North America,USA
410,True,True,True,15,The Venetian Las Vegas Hotel,5,5.0,16,60,4027.0,Dec-Feb,True,February,Saturday,1,True,False,Families,North America,USA
411,True,True,True,2,The Venetian Las Vegas Hotel,5,10.0,0,1,4027.0,Dec-Feb,True,February,Sunday,1,True,False,Couples,North America,Mexico
412,True,True,True,13,The Venetian Las Vegas Hotel,5,2.0,3,9,4027.0,Mar-May,True,March,Thursday,0,True,False,Couples,North America,USA
413,True,True,True,5,The Venetian Las Vegas Hotel,5,5.0,7,19,4027.0,Mar-May,True,March,Wednesday,1,True,False,Couples,North America,USA
414,True,True,True,206,The Venetian Las Vegas Hotel,5,9.0,78,116,4027.0,Mar-May,True,April,Sunday,1,True,False,Couples,Asia,Israel
415,True,True,True,26,The Venetian Las Vegas Hotel,5,2.0,13,22,4027.0,Mar-May,True,April,Friday,1,True,False,Couples,Oceania,Australia
416,True,True,True,26,The Venetian Las Vegas Hotel,5,1.0,10,83,4027.0,Mar-May,True,May,Tuesday,1,True,False,Families,Oceania,Australia
417,True,True,True,9,The Venetian Las Vegas Hotel,5,1.0,3,20,4027.0,Mar-May,True,May,Monday,1,True,False,Couples,Europe,UK
418,True,True,True,6,The Venetian Las Vegas Hotel,5,1.0,5,7,4027.0,Jun-Aug,True,June,Monday,1,True,False,Couples,North America,USA
419,True,True,True,46,The Venetian Las Vegas Hotel,5,6.0,34,95,4027.0,Jun-Aug,True,June,Sunday,1,True,False,Business,North America,USA
420,True,True,True,19,The Venetian Las Vegas Hotel,5,4.0,6,15,4027.0,Jun-Aug,True,July,Wednesday,1,True,False,Couples,Oceania,Australia
421,True,True,True,12,The Venetian Las Vegas Hotel,5,5.0,7,13,4027.0,Jun-Aug,True,July,Sunday,1,True,False,Couples,Europe,UK
422,True,True,True,24,The Venetian Las Vegas Hotel,5,10.0,8,19,4027.0,Jun-Aug,True,August,Wednesday,1,True,False,Families,North America,Canada
423,True,True,True,15,The Venetian Las Vegas Hotel,5,3.0,6,21,4027.0,Jun-Aug,True,August,Saturday,1,True,False,Couples,Europe,UK
424,True,True,True,14,The Venetian Las Vegas Hotel,5,5.0,11,56,4027.0,Sep-Nov,True,September,Friday,1,True,False,Couples,Europe,UK
425,True,True,True,15,The Venetian Las Vegas Hotel,5,7.0,7,29,4027.0,Sep-Nov,True,September,Thursday,1,True,False,Couples,Europe,UK
426,True,True,True,8,The Venetian Las Vegas Hotel,5,2.0,0,20,4027.0,Sep-Nov,True,October,Friday,1,True,False,Couples,South America,Brazil
427,True,True,True,31,The Venetian Las Vegas Hotel,5,8.0,20,39,4027.0,Sep-Nov,True,October,Thursday,1,True,False,Couples,Europe,UK
428,True,True,True,3,The Venetian Las Vegas Hotel,5,5.0,6,9,4027.0,Sep-Nov,True,November,Saturday,1,True,False,Friends,Europe,Switzerland
429,True,True,True,29,The Venetian Las Vegas Hotel,5,4.0,38,43,4027.0,Sep-Nov,True,November,Saturday,1,True,False,Couples,Oceania,Australia
430,True,True,True,11,The Venetian Las Vegas Hotel,5,9.0,10,16,4027.0,Dec-Feb,True,December,Thursday,1,True,False,Families,Asia,Singapore
431,True,True,True,12,The Venetian Las Vegas Hotel,5,10.0,6,6,4027.0,Dec-Feb,True,December,Wednesday,1,True,False,Couples,North America,USA
432,True,True,True,3,Bellagio Las Vegas,5,3.0,6,16,3933.0,Dec-Feb,True,January,Saturday,1,True,False,Solo,Oceania,Australia
433,True,True,True,13,Bellagio Las Vegas,5,5.0,3,15,3933.0,Dec-Feb,True,January,Thursday,1,True,False,Families,North America,USA
434,True,True,True,26,Bellagio Las Vegas,5,3.0,6,30,3933.0,Dec-Feb,True,February,Tuesday,1,True,False,Couples,North America,USA
435,True,True,True,111,Bellagio Las Vegas,5,1.0,9,41,3933.0,Dec-Feb,True,February,Friday,1,True,False,Business,North America,USA
436,True,True,True,53,Bellagio Las Vegas,5,6.0,35,44,3933.0,Mar-May,True,March,Tuesday,1,True,False,Couples,Asia,India
437,True,True,True,17,Bellagio Las Vegas,5,1.0,9,30,3933.0,Mar-May,True,March,Tuesday,0,True,False,Business,North America,USA
438,True,True,True,18,Bellagio Las Vegas,5,4.0,10,23,3933.0,Mar-May,True,April,Monday,1,True,False,Business,Europe,Ireland
439,True,True,True,8,Bellagio Las Vegas,5,3.0,0,3,3933.0,Mar-May,True,April,Tuesday,0,True,False,Families,Europe,Spain
440,True,True,True,16,Bellagio Las Vegas,5,3.0,6,12,3933.0,Mar-May,True,May,Friday,0,True,False,Friends,Europe,UK
441,True,True,True,17,Bellagio Las Vegas,5,1.0,6,15,3933.0,Mar-May,True,May,Thursday,1,True,False,Couples,Europe,UK
442,True,True,True,5,Bellagio Las Vegas,5,10.0,0,5,3933.0,Jun-Aug,True,June,Wednesday,1,True,False,Families,Europe,UK
443,True,True,True,11,Bellagio Las Vegas,5,6.0,5,32,3933.0,Jun-Aug,True,June,Sunday,1,True,False,Business,North America,USA
444,True,True,True,23,Bellagio Las Vegas,5,5.0,5,28,3933.0,Jun-Aug,True,July,Friday,1,True,False,Couples,North America,USA
445,True,True,True,48,Bellagio Las Vegas,5,10.0,18,77,3933.0,Jun-Aug,True,July,Saturday,1,True,False,Families,Asia,Korea
446,True,True,True,2,Bellagio Las Vegas,5,1.0,8,11,3933.0,Jun-Aug,True,August,Monday,1,True,False,Solo,North America,USA
447,True,True,True,37,Bellagio Las Vegas,5,6.0,25,102,3933.0,Jun-Aug,True,August,Sunday,1,True,False,Families,Europe,Scotland
448,True,True,True,2,Bellagio Las Vegas,5,6.0,3,13,3933.0,Sep-Nov,True,September,Tuesday,1,True,False,Couples,Europe,Ireland
449,True,True,True,31,Bellagio Las Vegas,5,2.0,13,62,3933.0,Sep-Nov,True,September,Tuesday,1,True,False,Business,North America,USA
450,True,True,True,42,Bellagio Las Vegas,5,5.0,22,26,3933.0,Sep-Nov,True,October,Sunday,1,True,False,Couples,Europe,UK
451,True,True,True,12,Bellagio Las Vegas,5,1.0,6,13,3933.0,Sep-Nov,True,October,Saturday,1,True,False,Couples,Europe,UK
452,True,True,True,43,Bellagio Las Vegas,5,4.0,18,26,3933.0,Sep-Nov,True,November,Monday,1,True,False,Friends,Europe,UK
453,True,True,True,39,Bellagio Las Vegas,5,3.0,10,17,3933.0,Sep-Nov,True,November,Saturday,1,True,False,Friends,North America,Canada
454,True,True,True,1,Bellagio Las Vegas,5,1.0,4,4,3933.0,Dec-Feb,True,December,Monday,1,True,False,Business,Asia,India
455,True,True,True,19,Bellagio Las Vegas,5,4.0,18,20,3933.0,Dec-Feb,True,December,Friday,0,True,False,Families,Asia,Malaysia
456,True,True,True,7,Paris Las Vegas,4,7.0,3,14,2916.0,Dec-Feb,True,January,Saturday,1,True,False,Couples,North America,USA
457,True,True,True,12,Paris Las Vegas,4,1.0,3,19,2916.0,Dec-Feb,True,January,Wednesday,1,True,False,Couples,North America,Canada
458,True,True,True,2,Paris Las Vegas,4,1.0,4,4,2916.0,Dec-Feb,True,February,Wednesday,0,True,False,Couples,North America,USA
459,True,True,True,43,Paris Las Vegas,4,4.0,12,116,2916.0,Dec-Feb,True,February,Tuesday,1,True,False,Friends,North America,USA
460,True,True,True,59,Paris Las Vegas,4,9.0,13,121,2916.0,Mar-May,True,March,Tuesday,0,True,False,Couples,North America,USA
461,True,True,True,6,Paris Las Vegas,4,2.0,7,14,2916.0,Mar-May,True,March,Friday,1,True,False,Couples,North America,USA
462,True,True,True,54,Paris Las Vegas,4,9.0,16,56,2916.0,Mar-May,True,April,Tuesday,1,True,False,Business,North America,USA
463,True,True,True,39,Paris Las Vegas,4,3.0,4,73,2916.0,Mar-May,True,April,Monday,0,True,False,Friends,North America,Canada
464,True,True,True,4,Paris Las Vegas,4,6.0,5,9,2916.0,Mar-May,True,May,Thursday,1,True,False,Friends,North America,USA
465,True,True,True,51,Paris Las Vegas,4,5.0,42,137,2916.0,Mar-May,True,May,Sunday,0,True,False,Couples,North America,USA
466,True,True,True,38,Paris Las Vegas,4,4.0,12,30,2916.0,Jun-Aug,True,June,Saturday,1,True,False,Couples,Oceania,Australia
467,True,True,True,49,Paris Las Vegas,4,6.0,19,130,2916.0,Jun-Aug,True,June,Sunday,0,True,False,Couples,North America,Costa Rica
468,True,True,True,23,Paris Las Vegas,4,3.0,15,50,2916.0,Jun-Aug,True,July,Friday,1,True,False,Couples,North America,USA
469,True,True,True,11,Paris Las Vegas,4,3.0,9,22,2916.0,Jun-Aug,True,July,Wednesday,1,True,False,Families,Europe,UK
470,True,True,True,65,Paris Las Vegas,4,4.0,37,85,2916.0,Jun-Aug,True,August,Friday,1,True,False,Families,Africa,Egypt
471,True,True,True,26,Paris Las Vegas,4,3.0,7,73,2916.0,Jun-Aug,True,August,Thursday,1,True,False,Couples,North America,USA
472,True,True,True,27,Paris Las Vegas,4,2.0,10,20,2916.0,Sep-Nov,True,September,Thursday,1,True,False,Couples,North America,USA
473,True,True,True,13,Paris Las Vegas,4,2.0,6,13,2916.0,Sep-Nov,True,September,Tuesday,1,True,False,Couples,North America,Canada
474,True,True,True,10,Paris Las Vegas,4,2.0,3,18,2916.0,Sep-Nov,True,October,Monday,0,True,False,Couples,North America,Canada
475,True,True,True,6,Paris Las Vegas,4,1.0,4,6,2916.0,Sep-Nov,True,October,Saturday,1,True,False,Couples,North America,USA
476,True,True,True,25,Paris Las Vegas,4,6.0,8,48,2916.0,Sep-Nov,True,November,Monday,1,True,False,Couples,North America,USA
477,True,True,True,5,Paris Las Vegas,4,10.0,3,24,2916.0,Sep-Nov,True,November,Sunday,1,True,False,Couples,North America,USA
478,True,True,True,63,Paris Las Vegas,4,4.0,26,123,2916.0,Dec-Feb,True,December,Saturday,1,True,False,Couples,North America,Canada
479,True,True,True,6,Paris Las Vegas,4,1.0,7,24,2916.0,Dec-Feb,True,December,Thursday,1,True,False,Friends,North America,USA
480,True,True,True,17,The Westin las Vegas Hotel Casino & Spa,4,4.0,13,20,826.0,Dec-Feb,True,January,Monday,1,True,False,Couples,North America,Canada
481,True,True,True,4,The Westin las Vegas Hotel Casino & Spa,4,7.0,3,15,826.0,Dec-Feb,True,January,Tuesday,0,True,False,Families,North America,USA
482,True,True,True,129,The Westin las Vegas Hotel Casino & Spa,4,3.0,72,189,826.0,Dec-Feb,True,February,Friday,1,True,False,Solo,Europe,Italy
483,True,True,True,27,The Westin las Vegas Hotel Casino & Spa,4,8.0,19,25,826.0,Dec-Feb,True,February,Monday,0,True,False,Couples,North America,USA
484,True,True,True,12,The Westin las Vegas Hotel Casino & Spa,4,4.0,11,33,826.0,Mar-May,True,March,Wednesday,1,True,False,Business,North America,USA
485,True,True,True,13,The Westin las Vegas Hotel Casino & Spa,4,4.0,7,14,826.0,Mar-May,True,March,Thursday,1,True,False,Friends,North America,USA
486,True,True,True,47,The Westin las Vegas Hotel Casino & Spa,4,4.0,22,38,826.0,Mar-May,True,April,Monday,1,True,False,Business,North America,USA
487,True,True,True,85,The Westin las Vegas Hotel Casino & Spa,4,12.0,43,169,826.0,Mar-May,True,April,Sunday,1,True,False,Solo,Africa,Egypt
488,True,True,True,21,The Westin las Vegas Hotel Casino & Spa,4,4.0,17,20,826.0,Mar-May,True,May,Sunday,0,True,False,Friends,North America,USA
489,True,True,True,18,The Westin las Vegas Hotel Casino & Spa,4,3.0,10,17,826.0,Mar-May,True,May,Tuesday,1,True,False,Couples,North America,USA
490,True,True,True,161,The Westin las Vegas Hotel Casino & Spa,4,11.0,47,96,826.0,Jun-Aug,True,June,Monday,1,True,False,Solo,North America,USA
491,True,True,True,11,The Westin las Vegas Hotel Casino & Spa,4,5.0,13,38,826.0,Jun-Aug,True,June,Sunday,0,True,False,Business,North America,USA
492,True,True,True,9,The Westin las Vegas Hotel Casino & Spa,4,6.0,11,12,826.0,Jun-Aug,True,July,Monday,1,True,False,Families,Asia,India
493,True,True,True,1,The Westin las Vegas Hotel Casino & Spa,4,6.0,8,9,826.0,Jun-Aug,True,July,Monday,1,True,False,Couples,North America,USA
494,True,True,True,22,The Westin las Vegas Hotel Casino & Spa,4,7.0,21,23,826.0,Jun-Aug,True,August,Wednesday,0,True,False,Families,North America,USA
495,True,True,True,3,The Westin las Vegas Hotel Casino & Spa,4,5.0,6,21,826.0,Jun-Aug,True,August,Tuesday,1,True,False,Couples,North America,USA
496,True,True,True,19,The Westin las Vegas Hotel Casino & Spa,4,6.0,27,30,826.0,Sep-Nov,True,September,Friday,1,True,False,Solo,North America,USA
497,True,True,True,59,The Westin las Vegas Hotel Casino & Spa,4,11.0,16,63,826.0,Sep-Nov,True,September,Wednesday,0,True,False,Couples,North America,USA
498,True,True,True,25,The Westin las Vegas Hotel Casino & Spa,4,1.0,3,35,826.0,Sep-Nov,True,October,Monday,1,True,False,Couples,Europe,UK
499,True,True,True,8,The Westin las Vegas Hotel Casino & Spa,4,1.0,4,15,826.0,Sep-Nov,True,October,Sunday,1,True,False,Couples,Europe,UK
500,True,True,True,29,The Westin las Vegas Hotel Casino & Spa,4,8.0,13,50,826.0,Sep-Nov,True,November,Thursday,1,True,False,Couples,North America,Canada
501,True,True,True,31,The Westin las Vegas Hotel Casino & Spa,4,4.0,23,154,826.0,Sep-Nov,True,November,Thursday,1,True,False,Friends,North America,USA
502,True,True,True,5,The Westin las Vegas Hotel Casino & Spa,4,9.0,6,9,826.0,Dec-Feb,True,December,Wednesday,0,True,False,Families,North America,USA
503,True,True,True,112,The Westin las Vegas Hotel Casino & Spa,4,5.0,19,20,826.0,Dec-Feb,True,December,Tuesday,1,True,False,Families,North America,USA
